{"cameraMode":{"drawMode":0,"name":"Shaded","section":"Shading Mode"},"sceneLighting":false,"audioPlay":false,"sceneViewState":{"showFog":true,"showMaterialUpdate":false,"showSkybox":false,"showFlares":true,"showImageEffects":true,"showParticleSystems":true},"in2DMode":false,"pivot":{"x":2.449472427368164,"y":0.9080333709716797,"z":4.433742523193359},"rotation":{"x":-0.4099428653717041,"y":0.4282299280166626,"z":-0.22720618546009065,"w":-0.7726324200630188},"size":19.72903060913086,"orthographic":false}