{"cameraMode":{"drawMode":0,"name":"Shaded","section":"Shading Mode"},"sceneLighting":false,"audioPlay":false,"sceneViewState":{"showFog":true,"showMaterialUpdate":false,"showSkybox":false,"showFlares":true,"showImageEffects":true,"showParticleSystems":true},"in2DMode":false,"pivot":{"x":1.2289999723434449,"y":3.740999937057495,"z":-5.65500020980835},"rotation":{"x":-0.2423601597547531,"y":-0.009607442654669285,"z":0.0024001498240977527,"w":-0.9701374769210815},"size":0.5715764164924622,"orthographic":false}