{"cameraMode":{"drawMode":0,"name":"Shaded","section":"Shading Mode"},"sceneLighting":false,"audioPlay":false,"sceneViewState":{"showFog":true,"showMaterialUpdate":false,"showSkybox":false,"showFlares":true,"showImageEffects":true,"showParticleSystems":true},"in2DMode":false,"pivot":{"x":5.206140041351318,"y":7.758230209350586,"z":-1.2201164960861207},"rotation":{"x":0.5323022603988648,"y":-0.003817853517830372,"z":0.0023880861699581148,"w":0.846571147441864},"size":2.756173849105835,"orthographic":false}