{"cameraMode":{"drawMode":0,"name":"Shaded","section":"Shading Mode"},"sceneLighting":false,"audioPlay":false,"sceneViewState":{"showFog":true,"showMaterialUpdate":false,"showSkybox":false,"showFlares":true,"showImageEffects":true,"showParticleSystems":true},"in2DMode":false,"pivot":{"x":5.206140041351318,"y":7.758230209350586,"z":-1.2201164960861207},"rotation":{"x":-0.17341484129428864,"y":0.012405957095324993,"z":-0.0021845099981874229,"w":-0.9847701191902161},"size":2.756173849105835,"orthographic":false}