{"cameraMode":{"drawMode":0,"name":"Shaded","section":"Shading Mode"},"sceneLighting":true,"audioPlay":false,"sceneViewState":{"showFog":true,"showMaterialUpdate":false,"showSkybox":true,"showFlares":true,"showImageEffects":true,"showParticleSystems":true},"in2DMode":false,"pivot":{"x":25.934837341308595,"y":9.428485870361329,"z":5.938815116882324},"rotation":{"x":0.1257617026567459,"y":0.7978997826576233,"z":-0.1786012351512909,"w":0.5618357062339783},"size":42.69977951049805,"orthographic":false}