{"cameraMode":{"drawMode":0,"name":"Shaded","section":"Shading Mode"},"sceneLighting":false,"audioPlay":false,"sceneViewState":{"showFog":true,"showMaterialUpdate":false,"showSkybox":false,"showFlares":true,"showImageEffects":true,"showParticleSystems":true},"in2DMode":false,"pivot":{"x":1.3553146123886109,"y":7.638243675231934,"z":1.0964305400848389},"rotation":{"x":0.1063842847943306,"y":0.8916016817092896,"z":-0.28920280933380129,"w":0.33208733797073367},"size":17.23016357421875,"orthographic":false}