{"cameraMode":{"drawMode":0,"name":"Shaded","section":"Shading Mode"},"sceneLighting":false,"audioPlay":false,"sceneViewState":{"showFog":true,"showMaterialUpdate":false,"showSkybox":false,"showFlares":true,"showImageEffects":true,"showParticleSystems":true},"in2DMode":false,"pivot":{"x":6.66713285446167,"y":14.403027534484864,"z":7.455269813537598},"rotation":{"x":0.1541307419538498,"y":-0.4078276753425598,"z":0.07001659274101258,"w":0.897274911403656},"size":4.776852607727051,"orthographic":false}