{"cameraMode":{"drawMode":0,"name":"Shaded","section":"Shading Mode"},"sceneLighting":false,"audioPlay":false,"sceneViewState":{"showFog":true,"showMaterialUpdate":false,"showSkybox":false,"showFlares":true,"showImageEffects":true,"showParticleSystems":true},"in2DMode":false,"pivot":{"x":-2.5780410766601564,"y":13.482049942016602,"z":17.755966186523439},"rotation":{"x":0.1384972631931305,"y":0.47507721185684206,"z":-0.07740363478660584,"w":0.8656271696090698},"size":11.686917304992676,"orthographic":false}