{"cameraMode":{"drawMode":0,"name":"Shaded","section":"Shading Mode"},"sceneLighting":false,"audioPlay":false,"sceneViewState":{"showFog":true,"showMaterialUpdate":false,"showSkybox":false,"showFlares":true,"showImageEffects":true,"showParticleSystems":true},"in2DMode":false,"pivot":{"x":-1.4775029420852662,"y":0.814582109451294,"z":-0.020282650366425515},"rotation":{"x":0.01996578648686409,"y":0.9510793685913086,"z":-0.3014897406101227,"w":0.0660395398736},"size":14.026759147644043,"orthographic":false}