{"cameraMode":{"drawMode":0,"name":"Shaded","section":"Shading Mode"},"sceneLighting":false,"audioPlay":false,"sceneViewState":{"showFog":true,"showMaterialUpdate":false,"showSkybox":false,"showFlares":true,"showImageEffects":true,"showParticleSystems":true},"in2DMode":false,"pivot":{"x":1.2289999723434449,"y":3.740999937057495,"z":-5.65500020980835},"rotation":{"x":-0.001325711258687079,"y":0.9986688494682312,"z":-0.03477717190980911,"w":-0.03806672990322113},"size":0.5715764164924622,"orthographic":false}