{"cameraMode":{"drawMode":0,"name":"Shaded","section":"Shading Mode"},"sceneLighting":false,"audioPlay":false,"sceneViewState":{"showFog":true,"showMaterialUpdate":false,"showSkybox":false,"showFlares":true,"showImageEffects":true,"showParticleSystems":true},"in2DMode":false,"pivot":{"x":9.804238319396973,"y":16.308202743530275,"z":5.822597980499268},"rotation":{"x":-0.25635653734207156,"y":0.5467069745063782,"z":-0.18051126599311829,"w":-0.7764188647270203},"size":1.4768526554107667,"orthographic":false}